INSERT INTO public.academic_group (id, numeric) VALUES (1, '11-801');
INSERT INTO public.academic_group (id, numeric) VALUES (2, '11-802');
INSERT INTO public.academic_group (id, numeric) VALUES (3, '11-803');
INSERT INTO public.academic_group (id, numeric) VALUES (4, '11-804');
INSERT INTO public.academic_group (id, numeric) VALUES (5, '11-805');
INSERT INTO public.academic_group (id, numeric) VALUES (6, '11-806');
INSERT INTO public.academic_group (id, numeric) VALUES (7, '11-807');
INSERT INTO public.academic_group (id, numeric) VALUES (8, '11-808');
INSERT INTO public.academic_group (id, numeric) VALUES (9, '11-809');
INSERT INTO public.academic_group (id, numeric) VALUES (10, '11-810');
INSERT INTO public.academic_group (id, numeric) VALUES (11, '11-811');
INSERT INTO public.academic_group (id, numeric) VALUES (12, '11-901');
INSERT INTO public.academic_group (id, numeric) VALUES (13, '11-902');
INSERT INTO public.academic_group (id, numeric) VALUES (14, '11-903');
INSERT INTO public.academic_group (id, numeric) VALUES (15, '11-904');
INSERT INTO public.academic_group (id, numeric) VALUES (16, '11-905');
INSERT INTO public.academic_group (id, numeric) VALUES (17, '11-906');
INSERT INTO public.academic_group (id, numeric) VALUES (18, '11-907');
INSERT INTO public.academic_group (id, numeric) VALUES (19, '11-908');
INSERT INTO public.academic_group (id, numeric) VALUES (20, '11-909');
INSERT INTO public.academic_group (id, numeric) VALUES (21, '11-910');
INSERT INTO public.academic_group (id, numeric) VALUES (22, '11-911');
INSERT INTO public.academic_group (id, numeric) VALUES (23, '11-912');
INSERT INTO public.academic_group (id, numeric) VALUES (25, '11-701');
INSERT INTO public.academic_group (id, numeric) VALUES (26, '11-702');
INSERT INTO public.academic_group (id, numeric) VALUES (27, '11-703');
INSERT INTO public.academic_group (id, numeric) VALUES (28, '11-704');
INSERT INTO public.academic_group (id, numeric) VALUES (29, '11-705');
INSERT INTO public.academic_group (id, numeric) VALUES (30, '11-706');
INSERT INTO public.academic_group (id, numeric) VALUES (31, '11-707');
INSERT INTO public.academic_group (id, numeric) VALUES (32, '11-708');
INSERT INTO public.academic_group (id, numeric) VALUES (33, '11-601');
INSERT INTO public.academic_group (id, numeric) VALUES (34, '11-602');
INSERT INTO public.academic_group (id, numeric) VALUES (35, '11-603');
INSERT INTO public.academic_group (id, numeric) VALUES (36, '11-604');
INSERT INTO public.academic_group (id, numeric) VALUES (37, '11-605');
INSERT INTO public.academic_group (id, numeric) VALUES (38, '11-606');
INSERT INTO public.academic_group (id, numeric) VALUES (39, '11-607');
INSERT INTO public.academic_group (id, numeric) VALUES (40, '11-913');
INSERT INTO public.app_user (id, email, full_name, pass_hash, role, photo_path) VALUES (3, '123@gmail.com', 'Тестовый студент', '$2a$10$75w2gTDCENzcTcgtytWQFuc52WYU26j6EYGXbcgR5JpbdUQ6xgJTe', 'STUDENT', '/img/student-4.jpg');
INSERT INTO public.app_user (id, email, full_name, pass_hash, role, photo_path) VALUES (63, '1234@gmail.com', 'TESTTSSTST', '$2a$10$W1l1RLZHGBdjt3xo39jldOV07pBVK6YVE5j0EPlkpPlO74RiUwC4i', 'TEACHER', '/img/empty_user.jpg');
INSERT INTO public.app_user (id, email, full_name, pass_hash, role, photo_path) VALUES (25, 'marsel@gmail.com', 'Сидиков Марсель Рафаэлевич', '$2a$10$75w2gTDCENzcTcgtytWQFuc52WYU26j6EYGXbcgR5JpbdUQ6xgJTe', 'TEACHER', '/img/teacher-1.jpg');
INSERT INTO public.app_user (id, email, full_name, pass_hash, role, photo_path) VALUES (31, 'diemass1908@gmail.com', 'DieMass', '$2a$10$KBfXuGQUO0BL0GdUw7GyZuEzLwgOt6rQ5MKDZSyenWZyWAUT74um6', 'ADMIN', '/img/empty_user.jpg');
INSERT INTO public.app_user (id, email, full_name, pass_hash, role, photo_path) VALUES (32, 'azatyakupov@gmail.com', 'Якупов Азат Шавкатович', '$2a$10$J86n4UFIfZf84hv2fYVI6Oh266QPzwK1IN3KnbE7/pEu0tjldkLXq', 'TEACHER', '/img/teacher-2.jpg');
INSERT INTO public.app_user (id, email, full_name, pass_hash, role, photo_path) VALUES (58, 'dsbogomolov@stud.kpfu.ru', 'Daniil', '$2a$10$cO2aAi3OGXliUj8T96NDmeJbVmZkx7PZu10KsGpgEjfMBVxbv69He', 'ADMIN', '/img/empty_user.jpg');
INSERT INTO public.app_user (id, email, full_name, pass_hash, role, photo_path) VALUES (4, 'kamilla.hairul@gmail.com', 'Khairullina Kamilla Albertovna', '$2a$10$75w2gTDCENzcTcgtytWQFuc52WYU26j6EYGXbcgR5JpbdUQ6xgJTe', 'ADMIN', '/img/empty_user.jpg');
INSERT INTO public.app_user (id, email, full_name, pass_hash, role, photo_path) VALUES (26, 'test@test.test', 'Тест Тестович', '$2y$10$7ULySLYARbdMffE4ywhjzOAofGDUi7wRWChtkQbVQFR0V240FoHcW', 'STUDENT', '/img/empty_user.jpg');
INSERT INTO public.job_profile (id, title) VALUES (1, 'Java-разработчик');
INSERT INTO public.job_profile (id, title) VALUES (2, 'Разработка, программирование');
INSERT INTO public.job_profile (id, title) VALUES (3, 'Внедрение и сопровождение ПО');
INSERT INTO public.job_profile (id, title) VALUES (4, 'Инжиниринг');
INSERT INTO public.job_profile (id, title) VALUES (5, 'Системное администрирование');
INSERT INTO public.job_profile (id, title) VALUES (6, 'Техническая поддержка');
INSERT INTO public.job_profile (id, title) VALUES (7, 'Аналитика');
INSERT INTO public.job_profile (id, title) VALUES (8, 'Создание и поддержка сайтов');
INSERT INTO public.job_profile (id, title) VALUES (9, 'Администрирование баз данных');
INSERT INTO public.job_profile (id, title) VALUES (10, 'Системная интеграция');
INSERT INTO public.job_profile (id, title) VALUES (11, 'Сетевые технологии');
INSERT INTO public.job_profile (id, title) VALUES (12, 'Управление проектами');
INSERT INTO public.job_profile (id, title) VALUES (13, 'Web-вёрстка');
INSERT INTO public.job_profile (id, title) VALUES (14, 'Тестирование, QA');
INSERT INTO public.job_profile (id, title) VALUES (15, 'Web, UI, UX дизайн');
INSERT INTO public.job_profile (id, title) VALUES (16, 'Мобильная разработка');
INSERT INTO public.job_profile (id, title) VALUES (17, 'Game development');
INSERT INTO public.student (description, user_id, group_id, job_profile_id, link, work_experience) VALUES ('Тестировал, тестирую и буду тестировать! Яблоня от яблони недалеко падает, а проект без тестов - регулярно. Тише едешь - больше тестируешь. Семь тестов на неделе. Сделал дело - пиши тесты. Раз на раз приходится, если писать тесты. Что упало, то не тестировали. Цыплят по Assert.equals() считают. Один в поле - unit test. Семь раз оттесть - один раз запуш. Работа не волк - тесты тоже не волк (вообще мало что волк, кроме волка). На Бога надейся, а сам пиши тесты...', 3, 2, 1, 'https://vk.com/khai_kam', 'Нет опыта');
INSERT INTO public.student (description, user_id, group_id, job_profile_id, link, work_experience) VALUES ('Тестировал, тестирую и буду тестировать! Яблоня от яблони недалеко падает, а прокет без тестов - регулярно. Тише едешь - больше тестируешь. Семь тестов на неделе. Сделал дело - пиши тесты. Раз на раз приходится, если писать тесты. Что упало, то не тестировали. Цыплят по Assert.equals() считают. Один в поле - unit test. Семь раз оттесть - один раз запуш. Работа не волк - тесты тоже не волк (вообще мало что волк, кроме волка). На Бога надейся, а сам пиши тесты.', 26, 2, 1, 'https://vk.com/id0', 'Нет опыта');
INSERT INTO public.tag (id, name) VALUES (1, 'Java');
INSERT INTO public.tag (id, name) VALUES (7, 'Spring');
INSERT INTO public.tag (id, name) VALUES (11, 'C/C++');
INSERT INTO public.tag (id, name) VALUES (12, 'C#');
INSERT INTO public.tag (id, name) VALUES (13, 'Go');
INSERT INTO public.tag (id, name) VALUES (14, 'JavaScript');
INSERT INTO public.tag (id, name) VALUES (15, 'Kotlin');
INSERT INTO public.tag (id, name) VALUES (16, 'Objective-C');
INSERT INTO public.tag (id, name) VALUES (17, 'Perl');
INSERT INTO public.tag (id, name) VALUES (18, 'PHP');
INSERT INTO public.tag (id, name) VALUES (19, 'Python');
INSERT INTO public.tag (id, name) VALUES (20, 'R');
INSERT INTO public.tag (id, name) VALUES (21, 'Ruby');
INSERT INTO public.tag (id, name) VALUES (22, 'Rust');
INSERT INTO public.tag (id, name) VALUES (23, 'Swift');
INSERT INTO public.tag (id, name) VALUES (24, 'TypeScript');
INSERT INTO public.tag (id, name) VALUES (25, '.Net');
INSERT INTO public.tag (id, name) VALUES (26, 'MySQL');
INSERT INTO public.tag (id, name) VALUES (27, 'PostgreSQL');
INSERT INTO public.tag (id, name) VALUES (28, 'SQLite');
INSERT INTO public.tag (id, name) VALUES (29, 'MongoDB');
INSERT INTO public.tag (id, name) VALUES (30, 'Oracle');
INSERT INTO public.tag (id, name) VALUES (31, 'Cassandra');
INSERT INTO public.tag (id, name) VALUES (32, 'Redis');
INSERT INTO public.tag (id, name) VALUES (33, 'ReactJS');
INSERT INTO public.tag (id, name) VALUES (34, 'Hadoop');
INSERT INTO public.tag (id, name) VALUES (35, 'NodeJS');
INSERT INTO public.tag (id, name) VALUES (36, 'Gjango');
INSERT INTO public.tag (id, name) VALUES (37, 'Flask');
INSERT INTO public.tag (id, name) VALUES (38, 'AngularJS');
INSERT INTO public.tag (id, name) VALUES (39, 'Rails');
INSERT INTO public.tag (id, name) VALUES (40, 'Express');
INSERT INTO public.tag (id, name) VALUES (41, 'Laravel');
INSERT INTO public.tag (id, name) VALUES (42, 'Vue');
INSERT INTO public.tag (id, name) VALUES (43, 'Ember');
INSERT INTO public.tag (id, name) VALUES (44, 'Backbone');
INSERT INTO public.teacher (user_id, information, position, link) VALUES (25, '2015-2018 высшее образование: Казанский (Приволжский) Федеральный Университет,Квалификация: Магистр2011-2015 высшее образование: Казанский (Приволжский) Федеральный Университет,Квалификация: Бакалавр', 'ассистент, б.с., КФУ / Высшая школа информационных технологий и интеллектуальных систем / Кафедра программной инженерии (основной работник)', 'https://vk.com/marsel.sidikov');
INSERT INTO public.teacher (user_id, information, position, link) VALUES (63, 'Нет информации', 'Нет информации', null);
INSERT INTO public.teacher (user_id, information, position, link) VALUES (32, 'преподаватель, б.с., КФУ / Высшая школа информационных технологий и интеллектуальных систем / Кафедра программной инженерии (внешний совместитель)', 'преподаватель, б.с. , КФУ / Высшая школа информационных технологий и интеллектуальных систем / Кафедра программной инженерии (внешний совместитель)', 'https://vk.com/id0');
INSERT INTO public.teacher_curated_groups (teacher_user_id, curated_groups_id) VALUES (25, 1);
INSERT INTO public.teacher_curated_groups (teacher_user_id, curated_groups_id) VALUES (25, 5);
INSERT INTO public.teacher_curated_groups (teacher_user_id, curated_groups_id) VALUES (32, 8);
INSERT INTO public.competence (id, description, confirmed_by_user_id, student_user_id) VALUES (6, 'Могу добавить компетенции и теги к ним', null, 3);
INSERT INTO public.competence (id, description, confirmed_by_user_id, student_user_id) VALUES (3, 'Умею писать hello, world! на Java', 25, 3);
INSERT INTO public.competence (id, description, confirmed_by_user_id, student_user_id) VALUES (18, 'Много чего умею', null, 3);
INSERT INTO public.competence (id, description, confirmed_by_user_id, student_user_id) VALUES (19, 'Компетенция', 25, 3);
INSERT INTO public.competence (id, description, confirmed_by_user_id, student_user_id) VALUES (20, 'Новая', 25, 3);
INSERT INTO public.competence (id, description, confirmed_by_user_id, student_user_id) VALUES (2, 'Слышал про Spring (переводится "весна")', 25, 3);
INSERT INTO public.competence_tags (competence_id, tags_id) VALUES (2, 7);
INSERT INTO public.competence_tags (competence_id, tags_id) VALUES (3, 1);
INSERT INTO public.competence_tags (competence_id, tags_id) VALUES (2, 1);
INSERT INTO public.competence_tags (competence_id, tags_id) VALUES (6, 1);
INSERT INTO public.competence_tags (competence_id, tags_id) VALUES (6, 14);
INSERT INTO public.competence_tags (competence_id, tags_id) VALUES (6, 7);
INSERT INTO public.competence_tags (competence_id, tags_id) VALUES (18, 1);
INSERT INTO public.competence_tags (competence_id, tags_id) VALUES (19, 1);
INSERT INTO public.competence_tags (competence_id, tags_id) VALUES (20, 1);
INSERT INTO public.project (id, description, student_user_id, title) VALUES (12, 'Мужики, заряжай! https://www.youtube.com/watch?v=8tnAc88H0Lw
Е5, Спартак, Е5
Ну и ссылки на авторов:
https://github.com/kamikhai/Practice
https://github.com/DaniilBogomolov', 3, 'ЦСКА ВСЕГДА БУДЕТ ПЕРВЫМ');
INSERT INTO public.project (id, description, student_user_id, title) VALUES (21, 'https://media.giphy.com/media/l49K0pPIf3YYv5yMg/giphy.gif', 3, 'Гифка');
INSERT INTO public.project (id, description, student_user_id, title) VALUES (22, 'https://upload.wikimedia.org/wikipedia/commons/8/82/SARS-CoV-2_without_background.png', 3, 'fdfdf');
INSERT INTO public.project (id, description, student_user_id, title) VALUES (23, 'https://www.youtube.com/watch?v=9_XrF7UFwDI', 3, 'Поперечный');
INSERT INTO public.project (id, description, student_user_id, title) VALUES (29, '<script>alert(1);
https://www.youtube.com/watch?v=fC_Zi939Ajw&t=4s', 3, '');
INSERT INTO public.project (id, description, student_user_id, title) VALUES (33, 'http://www.localhost:8080/students?t=1&t=7&', 3, '111');
INSERT INTO public.project_tags (project_id, tags_id) VALUES (12, 1);
INSERT INTO public.project_tags (project_id, tags_id) VALUES (12, 27);
INSERT INTO public.project_tags (project_id, tags_id) VALUES (12, 7);
INSERT INTO public.project_tags (project_id, tags_id) VALUES (21, 15);
INSERT INTO public.project_tags (project_id, tags_id) VALUES (22, 16);
INSERT INTO public.project_tags (project_id, tags_id) VALUES (23, 1);